{
  "openapi": "3.0.1",
  "info": {
    "title": "FastApi",
    "version": "v1"
  },
  "paths": {
    "/api/Execute/Process": {
      "post": {
        "tags": [
          "Execute"
        ],
        "operationId": "Process",
        "requestBody": {
          "content": {
            "application/json": {
              "schema": {
                "$ref": "#/components/schemas/ProcessRequest"
              }
            },
            "text/json": {
              "schema": {
                "$ref": "#/components/schemas/ProcessRequest"
              }
            },
            "application/*+json": {
              "schema": {
                "$ref": "#/components/schemas/ProcessRequest"
              }
            }
          }
        },
        "responses": {
          "200": {
            "description": "Success",
            "content": {
              "text/plain": {
                "schema": {
                  "$ref": "#/components/schemas/ApiReturn"
                }
              },
              "application/json": {
                "schema": {
                  "$ref": "#/components/schemas/ApiReturn"
                }
              },
              "text/json": {
                "schema": {
                  "$ref": "#/components/schemas/ApiReturn"
                }
              }
            }
          }
        }
      }
    },
    "/api/Execute/DataProcess": {
      "post": {
        "tags": [
          "Execute"
        ],
        "operationId": "DataProcess",
        "requestBody": {
          "content": {
            "application/json": {
              "schema": {
                "$ref": "#/components/schemas/ProcessRequest"
              }
            },
            "text/json": {
              "schema": {
                "$ref": "#/components/schemas/ProcessRequest"
              }
            },
            "application/*+json": {
              "schema": {
                "$ref": "#/components/schemas/ProcessRequest"
              }
            }
          }
        },
        "responses": {
          "200": {
            "description": "Success",
            "content": {
              "text/plain": {
                "schema": {
                  "type": "array",
                  "items": {
                    "type": "integer",
                    "format": "int32"
                  }
                }
              },
              "application/json": {
                "schema": {
                  "type": "array",
                  "items": {
                    "type": "integer",
                    "format": "int32"
                  }
                }
              },
              "text/json": {
                "schema": {
                  "type": "array",
                  "items": {
                    "type": "integer",
                    "format": "int32"
                  }
                }
              }
            }
          },
          "404": {
            "description": "Not Found",
            "content": {
              "text/plain": {
                "schema": {
                  "$ref": "#/components/schemas/NotFoundResult"
                }
              },
              "application/json": {
                "schema": {
                  "$ref": "#/components/schemas/NotFoundResult"
                }
              },
              "text/json": {
                "schema": {
                  "$ref": "#/components/schemas/NotFoundResult"
                }
              }
            }
          }
        }
      }
    },
    "/api/api_doc/List": {
      "get": {
        "tags": [
          "FastApiController`1"
        ],
        "responses": {
          "200": {
            "description": "Success",
            "content": {
              "text/plain": {
                "schema": {
                  "type": "array",
                  "items": {
                    "$ref": "#/components/schemas/api_doc"
                  }
                }
              },
              "application/json": {
                "schema": {
                  "type": "array",
                  "items": {
                    "$ref": "#/components/schemas/api_doc"
                  }
                }
              },
              "text/json": {
                "schema": {
                  "type": "array",
                  "items": {
                    "$ref": "#/components/schemas/api_doc"
                  }
                }
              }
            }
          }
        }
      }
    },
    "/api/api_doc/Detail/{id}": {
      "get": {
        "tags": [
          "FastApiController`1"
        ],
        "parameters": [
          {
            "name": "id",
            "in": "path",
            "required": true,
            "style": "simple",
            "schema": {
              "type": "integer",
              "format": "int32"
            }
          }
        ],
        "responses": {
          "200": {
            "description": "Success",
            "content": {
              "text/plain": {
                "schema": {
                  "$ref": "#/components/schemas/api_doc"
                }
              },
              "application/json": {
                "schema": {
                  "$ref": "#/components/schemas/api_doc"
                }
              },
              "text/json": {
                "schema": {
                  "$ref": "#/components/schemas/api_doc"
                }
              }
            }
          }
        }
      }
    },
    "/api/api_doc/Create/{id}": {
      "post": {
        "tags": [
          "FastApiController`1"
        ],
        "parameters": [
          {
            "name": "id",
            "in": "path",
            "required": true,
            "style": "simple",
            "schema": {
              "type": "string"
            }
          }
        ],
        "requestBody": {
          "content": {
            "application/json": {
              "schema": {
                "$ref": "#/components/schemas/api_doc"
              }
            },
            "text/json": {
              "schema": {
                "$ref": "#/components/schemas/api_doc"
              }
            },
            "application/*+json": {
              "schema": {
                "$ref": "#/components/schemas/api_doc"
              }
            }
          }
        },
        "responses": {
          "200": {
            "description": "Success"
          }
        }
      }
    },
    "/api/con/List": {
      "get": {
        "tags": [
          "FastApiController`1"
        ],
        "responses": {
          "200": {
            "description": "Success",
            "content": {
              "text/plain": {
                "schema": {
                  "type": "array",
                  "items": {
                    "$ref": "#/components/schemas/con"
                  }
                }
              },
              "application/json": {
                "schema": {
                  "type": "array",
                  "items": {
                    "$ref": "#/components/schemas/con"
                  }
                }
              },
              "text/json": {
                "schema": {
                  "type": "array",
                  "items": {
                    "$ref": "#/components/schemas/con"
                  }
                }
              }
            }
          }
        }
      }
    },
    "/api/con/Detail/{id}": {
      "get": {
        "tags": [
          "FastApiController`1"
        ],
        "parameters": [
          {
            "name": "id",
            "in": "path",
            "required": true,
            "style": "simple",
            "schema": {
              "type": "integer",
              "format": "int32"
            }
          }
        ],
        "responses": {
          "200": {
            "description": "Success",
            "content": {
              "text/plain": {
                "schema": {
                  "$ref": "#/components/schemas/con"
                }
              },
              "application/json": {
                "schema": {
                  "$ref": "#/components/schemas/con"
                }
              },
              "text/json": {
                "schema": {
                  "$ref": "#/components/schemas/con"
                }
              }
            }
          }
        }
      }
    },
    "/api/con/Create/{id}": {
      "post": {
        "tags": [
          "FastApiController`1"
        ],
        "parameters": [
          {
            "name": "id",
            "in": "path",
            "required": true,
            "style": "simple",
            "schema": {
              "type": "string"
            }
          }
        ],
        "requestBody": {
          "content": {
            "application/json": {
              "schema": {
                "$ref": "#/components/schemas/con"
              }
            },
            "text/json": {
              "schema": {
                "$ref": "#/components/schemas/con"
              }
            },
            "application/*+json": {
              "schema": {
                "$ref": "#/components/schemas/con"
              }
            }
          }
        },
        "responses": {
          "200": {
            "description": "Success"
          }
        }
      }
    },
    "/api/con_type/List": {
      "get": {
        "tags": [
          "FastApiController`1"
        ],
        "responses": {
          "200": {
            "description": "Success",
            "content": {
              "text/plain": {
                "schema": {
                  "type": "array",
                  "items": {
                    "$ref": "#/components/schemas/con_type"
                  }
                }
              },
              "application/json": {
                "schema": {
                  "type": "array",
                  "items": {
                    "$ref": "#/components/schemas/con_type"
                  }
                }
              },
              "text/json": {
                "schema": {
                  "type": "array",
                  "items": {
                    "$ref": "#/components/schemas/con_type"
                  }
                }
              }
            }
          }
        }
      }
    },
    "/api/con_type/Detail/{id}": {
      "get": {
        "tags": [
          "FastApiController`1"
        ],
        "parameters": [
          {
            "name": "id",
            "in": "path",
            "required": true,
            "style": "simple",
            "schema": {
              "type": "integer",
              "format": "int32"
            }
          }
        ],
        "responses": {
          "200": {
            "description": "Success",
            "content": {
              "text/plain": {
                "schema": {
                  "$ref": "#/components/schemas/con_type"
                }
              },
              "application/json": {
                "schema": {
                  "$ref": "#/components/schemas/con_type"
                }
              },
              "text/json": {
                "schema": {
                  "$ref": "#/components/schemas/con_type"
                }
              }
            }
          }
        }
      }
    },
    "/api/con_type/Create/{id}": {
      "post": {
        "tags": [
          "FastApiController`1"
        ],
        "parameters": [
          {
            "name": "id",
            "in": "path",
            "required": true,
            "style": "simple",
            "schema": {
              "type": "string"
            }
          }
        ],
        "requestBody": {
          "content": {
            "application/json": {
              "schema": {
                "$ref": "#/components/schemas/con_type"
              }
            },
            "text/json": {
              "schema": {
                "$ref": "#/components/schemas/con_type"
              }
            },
            "application/*+json": {
              "schema": {
                "$ref": "#/components/schemas/con_type"
              }
            }
          }
        },
        "responses": {
          "200": {
            "description": "Success"
          }
        }
      }
    },
    "/api/process/List": {
      "get": {
        "tags": [
          "FastApiController`1"
        ],
        "responses": {
          "200": {
            "description": "Success",
            "content": {
              "text/plain": {
                "schema": {
                  "type": "array",
                  "items": {
                    "$ref": "#/components/schemas/process"
                  }
                }
              },
              "application/json": {
                "schema": {
                  "type": "array",
                  "items": {
                    "$ref": "#/components/schemas/process"
                  }
                }
              },
              "text/json": {
                "schema": {
                  "type": "array",
                  "items": {
                    "$ref": "#/components/schemas/process"
                  }
                }
              }
            }
          }
        }
      }
    },
    "/api/process/Detail/{id}": {
      "get": {
        "tags": [
          "FastApiController`1"
        ],
        "parameters": [
          {
            "name": "id",
            "in": "path",
            "required": true,
            "style": "simple",
            "schema": {
              "type": "integer",
              "format": "int32"
            }
          }
        ],
        "responses": {
          "200": {
            "description": "Success",
            "content": {
              "text/plain": {
                "schema": {
                  "$ref": "#/components/schemas/process"
                }
              },
              "application/json": {
                "schema": {
                  "$ref": "#/components/schemas/process"
                }
              },
              "text/json": {
                "schema": {
                  "$ref": "#/components/schemas/process"
                }
              }
            }
          }
        }
      }
    },
    "/api/process/Create/{id}": {
      "post": {
        "tags": [
          "FastApiController`1"
        ],
        "parameters": [
          {
            "name": "id",
            "in": "path",
            "required": true,
            "style": "simple",
            "schema": {
              "type": "string"
            }
          }
        ],
        "requestBody": {
          "content": {
            "application/json": {
              "schema": {
                "$ref": "#/components/schemas/process"
              }
            },
            "text/json": {
              "schema": {
                "$ref": "#/components/schemas/process"
              }
            },
            "application/*+json": {
              "schema": {
                "$ref": "#/components/schemas/process"
              }
            }
          }
        },
        "responses": {
          "200": {
            "description": "Success"
          }
        }
      }
    },
    "/api/test2/List": {
      "get": {
        "tags": [
          "FastApiController`1"
        ],
        "responses": {
          "200": {
            "description": "Success",
            "content": {
              "text/plain": {
                "schema": {
                  "type": "array",
                  "items": {
                    "$ref": "#/components/schemas/test2"
                  }
                }
              },
              "application/json": {
                "schema": {
                  "type": "array",
                  "items": {
                    "$ref": "#/components/schemas/test2"
                  }
                }
              },
              "text/json": {
                "schema": {
                  "type": "array",
                  "items": {
                    "$ref": "#/components/schemas/test2"
                  }
                }
              }
            }
          }
        }
      }
    },
    "/api/test2/Detail/{id}": {
      "get": {
        "tags": [
          "FastApiController`1"
        ],
        "parameters": [
          {
            "name": "id",
            "in": "path",
            "required": true,
            "style": "simple",
            "schema": {
              "type": "integer",
              "format": "int32"
            }
          }
        ],
        "responses": {
          "200": {
            "description": "Success",
            "content": {
              "text/plain": {
                "schema": {
                  "$ref": "#/components/schemas/test2"
                }
              },
              "application/json": {
                "schema": {
                  "$ref": "#/components/schemas/test2"
                }
              },
              "text/json": {
                "schema": {
                  "$ref": "#/components/schemas/test2"
                }
              }
            }
          }
        }
      }
    },
    "/api/test2/Create/{id}": {
      "post": {
        "tags": [
          "FastApiController`1"
        ],
        "parameters": [
          {
            "name": "id",
            "in": "path",
            "required": true,
            "style": "simple",
            "schema": {
              "type": "string"
            }
          }
        ],
        "requestBody": {
          "content": {
            "application/json": {
              "schema": {
                "$ref": "#/components/schemas/test2"
              }
            },
            "text/json": {
              "schema": {
                "$ref": "#/components/schemas/test2"
              }
            },
            "application/*+json": {
              "schema": {
                "$ref": "#/components/schemas/test2"
              }
            }
          }
        },
        "responses": {
          "200": {
            "description": "Success"
          }
        }
      }
    }
  },
  "components": {
    "schemas": {
      "ApiReturn": {
        "type": "object",
        "properties": {
          "status": {
            "type": "string",
            "nullable": true
          },
          "message": {
            "type": "string",
            "nullable": true
          },
          "data": {
            "nullable": true
          }
        },
        "additionalProperties": false
      },
      "NotFoundResult": {
        "type": "object",
        "properties": {
          "statusCode": {
            "type": "integer",
            "format": "int32"
          }
        },
        "additionalProperties": false
      },
      "ProcessRequest": {
        "type": "object",
        "properties": {
          "processName": {
            "type": "string",
            "nullable": true
          },
          "parameters": {
            "type": "array",
            "items": {
              "$ref": "#/components/schemas/data"
            },
            "nullable": true
          }
        },
        "additionalProperties": false
      },
      "api_doc": {
        "type": "object",
        "properties": {
          "id": {
            "type": "integer",
            "format": "int64"
          },
          "name": {
            "type": "string",
            "nullable": true
          },
          "description": {
            "type": "string",
            "nullable": true
          }
        },
        "additionalProperties": false
      },
      "con": {
        "type": "object",
        "properties": {
          "id": {
            "type": "integer",
            "format": "int64"
          },
          "name": {
            "type": "string",
            "description": "Define name of connection.",
            "nullable": true
          },
          "connection": {
            "type": "string",
            "description": "Connection string info.",
            "nullable": true
          },
          "con_type_id": {
            "type": "integer",
            "format": "int32"
          },
          "active": {
            "type": "boolean"
          }
        },
        "additionalProperties": false,
        "description": "con comment"
      },
      "con_type": {
        "type": "object",
        "properties": {
          "id": {
            "type": "integer",
            "format": "int64"
          },
          "name": {
            "type": "string",
            "nullable": true
          },
          "description": {
            "type": "string",
            "nullable": true
          }
        },
        "additionalProperties": false
      },
      "data": {
        "type": "object",
        "properties": {
          "name": {
            "type": "string",
            "nullable": true
          },
          "value": {
            "type": "string",
            "nullable": true
          },
          "info": {
            "type": "string",
            "nullable": true
          }
        },
        "additionalProperties": false
      },
      "process": {
        "type": "object",
        "properties": {
          "id": {
            "type": "integer",
            "format": "int64"
          },
          "name": {
            "type": "string",
            "nullable": true
          },
          "description": {
            "type": "string",
            "nullable": true
          },
          "sql": {
            "type": "string",
            "nullable": true
          },
          "con_id": {
            "type": "integer",
            "format": "int32",
            "nullable": true
          },
          "active": {
            "type": "boolean"
          }
        },
        "additionalProperties": false
      },
      "test2": {
        "type": "object",
        "properties": {
          "id": {
            "type": "integer",
            "format": "int64"
          },
          "name": {
            "type": "string",
            "nullable": true
          },
          "description": {
            "type": "string",
            "nullable": true
          }
        },
        "additionalProperties": false
      }
    }
  }
}